<?xml version="1.0" encoding="UTF-8"?>
<!DOCTYPE suite SYSTEM "https://testng.org/testng-1.0.dtd">
<suite thread-count="4"  name="Suite" parallel="methods">
  <test  name="Test" >
    <classes >
      <class name="suiteclasslevelexecution.ClassC"/>
      <class name="suiteclasslevelexecution.ClassB"/>
      
    </classes>
  </test> <!-- Test -->
  <test  name="Test2" >
    <classes>
    
      <class name="suiteclasslevelexecution.ClasssA"/>
      <class name="suiteclasslevelexecution.ClassD"/>
    </classes>
  </test> <!-- Test -->
</suite> <!-- Suite -->
