<?xml version="1.0" encoding="UTF-8"?>
<!DOCTYPE suite SYSTEM "https://testng.org/testng-1.0.dtd">
<suite   thread-count="2" name="Suite" parallel="tests" >
  <test  name="Test" >
    <classes >
      <class name="suiteclasslevelexecution.ClassC"/>
      <class name="suiteclasslevelexecution.ClassB"/>
    
   
    </classes>
  </test> <!-- Test -->
   
   <test  name="Test" >
    <classes >
      <class name="suiteclasslevelexecution.ClassA"/>
      <class name="suiteclasslevelexecution.ClassD"/>
    
   
    </classes>
  </test> <!-- Test -->
   <test  name="Test" >
    <classes >
      <class name="suiteclasslevelexecution.ClassC"/>
      <class name="suiteclasslevelexecution.ClassB"/>
    
   
    </classes>
  </test> <!-- Test -->
</suite> <!-- Suite -->
